{
    "regression_metrics": {
        "mse": 0.35881954875021715,
        "rmse": 0.5990154828969091,
        "mae": 0.48568764783133084,
        "r2": 0.3476532861846471
    },
    "classification_metrics": {
        "precision": 0.961482203803023,
        "recall": 0.9975830476083413,
        "f1": 0.9792,
        "accuracy": 0.9593968766828218
    },
    "inference_time": 1.719686120957152e-05
}