{
  "timestamp": "2025-10-27T15:34:52.143378",
  "metrics": {
    "rmse": 0.5715047054364056,
    "mae": 0.4639227092266083,
    "r2": 0.4107930660247803
  },
  "avg_infer_time_sec": 1e-05,
  "test_samples": 18570,
  "training_time_sec": 21.47,
  "train_samples": 74280
}