{
  "timestamp": "2025-10-23T22:32:42.231994",
  "metrics": {
    "rmse": 0.6549220045258646,
    "mae": 0.5384235382080078,
    "r2": 0.18763631582260132
  },
  "train_time_sec": 4.314,
  "avg_infer_time_sec": 0.000789,
  "train_samples": 22349,
  "test_samples": 5588
}