{
  "timestamp": "2025-10-24T02:30:18.937767",
  "metrics": {
    "rmse": 0.6531057846362852,
    "mae": 0.5365708435784943,
    "r2": 0.19213582541200713
  },
  "train_time_sec": 2.762,
  "avg_infer_time_sec": 0.000501,
  "train_samples": 22349,
  "test_samples": 5588
}