{
  "timestamp": "2025-10-25T17:43:15.272608",
  "metrics": {
    "rmse": 0.6857368879730047,
    "mae": 0.5614667534828186,
    "r2": 0.15551424026489258
  },
  "avg_infer_time_sec": 2e-05,
  "test_samples": 18570,
  "training_time_sec": 16.79,
  "train_samples": 74280
}